Date Time, Prediction
No Predictions data was found. Please make sure the Datum input is valid.
No Predictions data was found. Please make sure the Datum input is valid.
No Predictions data was found. Please make sure the Datum input is valid.
No Predictions data was found. Please make sure the Datum input is valid.
No Predictions data was found. Please make sure the Datum input is valid.
No Predictions data was found. Please make sure the Datum input is valid.
No Predictions data was found. Please make sure the Datum input is valid.
No Predictions data was found. Please make sure the Datum input is valid.
No Predictions data was found. Please make sure the Datum input is valid.
No Predictions data was found. Please make sure the Datum input is valid.
No Predictions data was found. Please make sure the Datum input is valid.
No Predictions data was found. Please make sure the Datum input is valid.
No Predictions data was found. Please make sure the Datum input is valid.
No Predictions data was found. Please make sure the Datum input is valid.
No Predictions data was found. Please make sure the Datum input is valid.
No Predictions data was found. Please make sure the Datum input is valid.